"file_path","file_name"
"./.DS_Store",".DS_Store"
"./CP_afternoon/NS501014.jpg","NS501014.jpg"
"./CP_afternoon/DSCF2757.jpg","DSCF2757.jpg"
"./CP_afternoon/NS500871.jpg","NS500871.jpg"
"./CP_afternoon/NS601902.jpg","NS601902.jpg"
"./CP_afternoon/NS400483.jpg","NS400483.jpg"
"./CP_afternoon/NS500050.jpg","NS500050.jpg"
"./CP_afternoon/NS400368.jpg","NS400368.jpg"
"./CP_afternoon/NS500590.jpg","NS500590.jpg"
"./CP_afternoon/NS500194.jpg","NS500194.jpg"
"./CP_afternoon/NS500960.jpg","NS500960.jpg"
"./CP_afternoon/NS500030.jpg","NS500030.jpg"
"./CP_afternoon/NS500794.jpg","NS500794.jpg"
"./CP_afternoon/NS404928.jpg","NS404928.jpg"
"./CP_afternoon/NS400421.jpg","NS400421.jpg"
"./CP_afternoon/NS601793.jpg","NS601793.jpg"
"./CP_afternoon/NS400225.jpg","NS400225.jpg"
"./CP_afternoon/NS500772.jpg","NS500772.jpg"
"./CP_afternoon/NS400388.jpg","NS400388.jpg"
"./CP_afternoon/NS500808.jpg","NS500808.jpg"
"./CP_afternoon/NS406138.jpg","NS406138.jpg"
"./CP_afternoon/NS400560.jpg","NS400560.jpg"
"./CP_afternoon/NS500946.jpg","NS500946.jpg"
"./CP_afternoon/NS501008.jpg","NS501008.jpg"
"./CP_afternoon/NS500263.jpg","NS500263.jpg"
"./CP_afternoon/NS500705.jpg","NS500705.jpg"
"./CP_afternoon/NS403745.jpg","NS403745.jpg"
"./CP_afternoon/NS400307.jpg","NS400307.jpg"
"./BK_Afternoon-sunset/NS600227-268.jpg","NS600227-268.jpg"
"./BK_Afternoon-sunset/NS601443.jpg","NS601443.jpg"
"./BK_Afternoon-sunset/NS400732.jpg","NS400732.jpg"
"./BK_Afternoon-sunset/NS402002-233.jpg","NS402002-233.jpg"
"./BK_Afternoon-sunset/NS601079.jpg","NS601079.jpg"
"./BK_Afternoon-sunset/NS401033-135.jpg","NS401033-135.jpg"
"./BK_Afternoon-sunset/NS402522.jpg","NS402522.jpg"
"./BK_Afternoon-sunset/NS400285-33.jpg","NS400285-33.jpg"
"./BK_Afternoon-sunset/NS400983-125.jpg","NS400983-125.jpg"
"./BK_Afternoon-sunset/NS402225.jpg","NS402225.jpg"
"./BK_Afternoon-sunset/NS400886-106.jpg","NS400886-106.jpg"
"./BK_Afternoon-sunset/NS401495-183.jpg","NS401495-183.jpg"
"./BK_Afternoon-sunset/NS400592.jpg","NS400592.jpg"
"./BK_Afternoon-sunset/NS501528.jpg","NS501528.jpg"
"./BK_Afternoon-sunset/NS600456-295.jpg","NS600456-295.jpg"
"./BK_Afternoon-sunset/NS601008.jpg","NS601008.jpg"
"./BK_Afternoon-sunset/NS400639.jpg","NS400639.jpg"
"./BK_Afternoon-sunset/NS600509-302.jpg","NS600509-302.jpg"
"./BK_Afternoon-sunset/NS501337.jpg","NS501337.jpg"
"./BK_Afternoon-sunset/NS601116-385.jpg","NS601116-385.jpg"
"./BK_Afternoon-sunset/NS601589.jpg","NS601589.jpg"
"./BK_Afternoon-sunset/NS501284.jpg","NS501284.jpg"
"./BK_Afternoon-sunset/NS601059-379.jpg","NS601059-379.jpg"
"./BK_Afternoon-sunset/NS400147-14.jpg","NS400147-14.jpg"
"./BK_Afternoon-sunset/NS501640.jpg","NS501640.jpg"
"./BK_Afternoon-sunset/NS600310-276.jpg","NS600310-276.jpg"
"./BK_Afternoon-sunset/NS600742.jpg","NS600742.jpg"
"./BK_Afternoon-sunset/NS501432.jpg","NS501432.jpg"
"./BK_Afternoon-sunset/NS501793.jpg","NS501793.jpg"
"./BK_Afternoon-sunset/NS400463-51.jpg","NS400463-51.jpg"
"./BK_Afternoon-sunset/NS700551.jpg","NS700551.jpg"
"./BK_Afternoon-sunset/NS700801.jpg","NS700801.jpg"
"./BK_Afternoon-sunset/NS600154-255.jpg","NS600154-255.jpg"
"./BK_Afternoon-sunset/NS601665.jpg","NS601665.jpg"
"./BK_morning/NS700012.jpg","NS700012.jpg"
"./BK_morning/NS600403.jpg","NS600403.jpg"
"./BK_morning/NS600794-편집.jpg","NS600794-편집.jpg"
"./BK_morning/NS600967-편집.jpg","NS600967-편집.jpg"
"./BK_morning/NS600039.jpg","NS600039.jpg"
"./BK_morning/NS601044.jpg","NS601044.jpg"
"./BK_morning/NS600602.jpg","NS600602.jpg"
"./BK_morning/NS700410.jpg","NS700410.jpg"
"./BK_morning/.DS_Store",".DS_Store"
"./BK_morning/NS600217.jpg","NS600217.jpg"
"./BK_morning/NS700375.jpg","NS700375.jpg"
"./BK_morning/NS600285-11.jpg","NS600285-11.jpg"
"./BK_morning/NS600331-12.jpg","NS600331-12.jpg"
"./BK_morning/NS600823.jpg","NS600823.jpg"
"./BK_morning/NS600139.jpg","NS600139.jpg"
"./BK_morning/NS400056-1.jpg","NS400056-1.jpg"
"./BK_morning/NS601031.jpg","NS601031.jpg"
"./BK_morning/NS600298.jpg","NS600298.jpg"
"./BK_morning/NS700306.jpg","NS700306.jpg"
"./BK_morning/NS400391-4.jpg","NS400391-4.jpg"
"./BK_morning/NS700270.jpg","NS700270.jpg"
"./BK_morning/NS601344.jpg","NS601344.jpg"
"./BK_morning/NS601235.jpg","NS601235.jpg"
"./BK_morning/NS700274.jpg","NS700274.jpg"
"./BK_morning/NS600305-편집.jpg","NS600305-편집.jpg"
"./BK_morning/NS600712.jpg","NS600712.jpg"
"./BK_morning/NS400314-3.jpg","NS400314-3.jpg"
"./BK_morning/NS600459.jpg","NS600459.jpg"
"./BK_morning/NS600191-9.jpg","NS600191-9.jpg"
"./BK_morning/NS601212.jpg","NS601212.jpg"
"./BK_morning/NS700911.jpg","NS700911.jpg"
"./BK_morning/NS600737.jpg","NS600737.jpg"
"./BK_morning/NS700333.jpg","NS700333.jpg"
"./BK_morning/NS600005-7.jpg","NS600005-7.jpg"
"./BK_morning/NS600512-편집.jpg","NS600512-편집.jpg"
"./BK_morning/NS600126.jpg","NS600126.jpg"
"./BK_morning/NS700122.jpg","NS700122.jpg"
"./BK_morning/NS600532.jpg","NS600532.jpg"
"./BK_morning/NS601176.jpg","NS601176.jpg"
"./BK_morning/NS600569-편집.jpg","NS600569-편집.jpg"
"./BK_morning/NS600077-8.jpg","NS600077-8.jpg"
"./BK_morning/NS700447.jpg","NS700447.jpg"
"./BK_morning/NS400147-2.jpg","NS400147-2.jpg"
"./BK_morning/NS600294.jpg","NS600294.jpg"
"./BK_morning/NS700040.jpg","NS700040.jpg"
"./BK_morning/NS600295.jpg","NS600295.jpg"
"./BK_morning/NS600450.jpg","NS600450.jpg"
"./BK_morning/NS400611-5.jpg","NS400611-5.jpg"
"./BK_morning/NS600352.jpg","NS600352.jpg"
"./BK_morning/NS700270-1.jpg","NS700270-1.jpg"
"./BK_morning/NS600421.jpg","NS600421.jpg"
"./BK_morning/NS600151.jpg","NS600151.jpg"
"./BK_morning/NS601267.jpg","NS601267.jpg"
"./BK_morning/NS400674-6.jpg","NS400674-6.jpg"
"./BK_morning/NS600263-10.jpg","NS600263-10.jpg"
"./BK_morning/NS600587.jpg","NS600587.jpg"
"./BK_morning/NS701074.jpg","NS701074.jpg"
"./BK_morning/NS601145-편집.jpg","NS601145-편집.jpg"
"./BK_morning/NS600036.jpg","NS600036.jpg"
"./BK_morning/NS700235.jpg","NS700235.jpg"
"./City-night/NS600548-16.jpg","NS600548-16.jpg"
"./City-night/NS400168-6.jpg","NS400168-6.jpg"
"./City-night/NS400451-12.jpg","NS400451-12.jpg"
"./City-night/NS400757-21.jpg","NS400757-21.jpg"
"./City-night/NS600108-2.jpg","NS600108-2.jpg"
"./City-night/NS600415-11.jpg","NS600415-11.jpg"
"./City-night/NS600542-15.jpg","NS600542-15.jpg"
"./City-night/NS400340-8.jpg","NS400340-8.jpg"
"./City-night/NS600349-3.jpg","NS600349-3.jpg"
"./City-night/NS600370-10.jpg","NS600370-10.jpg"
"./City-night/NS400342-9.jpg","NS400342-9.jpg"
"./City-night/NS600051-1.jpg","NS600051-1.jpg"
"./City-night/NS400559-14.jpg","NS400559-14.jpg"
"./City-night/NS600580-17.jpg","NS600580-17.jpg"
"./City-night/NS600732-18.jpg","NS600732-18.jpg"
"./City-night/NS400078-4.jpg","NS400078-4.jpg"
"./City-night/NS400144-5.jpg","NS400144-5.jpg"
"./City-night/NS400481-13.jpg","NS400481-13.jpg"
"./City-night/NS400699-20.jpg","NS400699-20.jpg"
"./City-night/NS400281-7.jpg","NS400281-7.jpg"
"./City-night/NS600747-19.jpg","NS600747-19.jpg"
"./City-afternoon/NS401348.jpg","NS401348.jpg"
"./City-afternoon/.DS_Store",".DS_Store"
"./City-afternoon/NS401359.jpg","NS401359.jpg"
"./City-afternoon/NS501884.jpg","NS501884.jpg"
"./City-afternoon/NS502023.jpg","NS502023.jpg"
"./City-afternoon/NS401097.jpg","NS401097.jpg"
"./City-afternoon/NS401280.jpg","NS401280.jpg"
"./City-afternoon/NS401324-1.jpg","NS401324-1.jpg"
"./City-afternoon/NS401023.jpg","NS401023.jpg"
"./CS-afternoon/NS601536.jpg","NS601536.jpg"
"./CS-afternoon/NS601708.jpg","NS601708.jpg"
"./CS-afternoon/NS601521.jpg","NS601521.jpg"
"./CS-afternoon/NS700575.jpg","NS700575.jpg"
"./CS-afternoon/NS601525.jpg","NS601525.jpg"
"./CS-afternoon/NS601730.jpg","NS601730.jpg"
"./CS-afternoon/NS700509.jpg","NS700509.jpg"
"./CS-afternoon/NS601826.jpg","NS601826.jpg"
"./CS-afternoon/NS601611.jpg","NS601611.jpg"
"./CS-afternoon/NS601567.jpg","NS601567.jpg"
"./CS-afternoon/NS601661.jpg","NS601661.jpg"
"./CS-afternoon/NS700409.jpg","NS700409.jpg"
"./CS-afternoon/NS601465.jpg","NS601465.jpg"
"./CS-afternoon/NS601504.jpg","NS601504.jpg"
"./CP_morning/NS600166.jpg","NS600166.jpg"
"./CP_morning/NS600400.jpg","NS600400.jpg"
"./CP_morning/NS600029.jpg","NS600029.jpg"
"./CP_morning/NS700161.jpg","NS700161.jpg"
"./CP_morning/NS600313.jpg","NS600313.jpg"
"./CP_morning/NS600506.jpg","NS600506.jpg"
"./CP_morning/NS600049.jpg","NS600049.jpg"
"./CP_morning/NS600520.jpg","NS600520.jpg"
"./CP_morning/NS600087.jpg","NS600087.jpg"
"./CP_morning/NS600446.jpg","NS600446.jpg"
"./CP_morning/NS700283.jpg","NS700283.jpg"
"./CP_morning/NS600645.jpg","NS600645.jpg"
"./CP_morning/NS600423.jpg","NS600423.jpg"
"./CP_morning/NS700231.jpg","NS700231.jpg"
"./CP_morning/NS600150.jpg","NS600150.jpg"
"./CP_morning/NS600627.jpg","NS600627.jpg"
"./CP_morning/NS600234.jpg","NS600234.jpg"
"./GV_afternoon-sunset/NS500493.jpg","NS500493.jpg"
"./GV_afternoon-sunset/NS500123.jpg","NS500123.jpg"
"./GV_afternoon-sunset/NS400195.jpg","NS400195.jpg"
"./GV_afternoon-sunset/NS500235.jpg","NS500235.jpg"
"./GV_afternoon-sunset/NS500035.jpg","NS500035.jpg"
"./GV_afternoon-sunset/NS500975.jpg","NS500975.jpg"
"./GV_afternoon-sunset/NS500578.jpg","NS500578.jpg"
"./GV_afternoon-sunset/NS400386.jpg","NS400386.jpg"
"./GV_afternoon-sunset/NS500634.jpg","NS500634.jpg"
"./GV_afternoon-sunset/NS500373.jpg","NS500373.jpg"
"./GV_afternoon-sunset/NS500206.jpg","NS500206.jpg"
"./GV_afternoon-sunset/NS501054-향상됨-노이즈 감소.jpg","NS501054-향상됨-노이즈 감소.jpg"
"./GV_afternoon-sunset/NS500671.jpg","NS500671.jpg"
"./GV_afternoon-sunset/NS400452-향상됨-노이즈 감소.jpg","NS400452-향상됨-노이즈 감소.jpg"
"./GV_afternoon-sunset/NS500506.jpg","NS500506.jpg"
"./GV_afternoon-sunset/NS400477.jpg","NS400477.jpg"
"./GV_afternoon-sunset/NS500703.jpg","NS500703.jpg"
